City_ID,City_ID,City,Lat,Lon,Max Temp,Humidity,Cloudiness,Wind Speed,Country,Date
0,2,igarka,67.4667,86.5833,250.95,80,100,7.17,RU,1706661729
1,3,grytviken,-54.2811,-36.5092,276.69,81,22,4.74,GS,1706661462
2,4,along,28.1667,94.7667,282.94,94,98,0.7,IN,1706661729
3,5,nar'yan-mar,67.6713,53.087,267.1,92,17,4.92,RU,1706661729
4,6,kruisfontein,-34.0033,24.7314,291.97,84,100,2.52,ZA,1706661730
5,7,aldama,22.9167,-98.0667,294.54,73,100,1.82,MX,1706661730
6,8,fort st. john,56.2499,-120.8529,281.09,46,40,8.23,CA,1706661730
7,9,bethel,41.3712,-73.414,274.62,76,100,2.57,US,1706661730
8,10,melissa,33.286,-96.5728,292.92,51,0,2.85,US,1706661730
9,11,puerto deseado,-47.7503,-65.8938,292.7,56,100,9.04,AR,1706661731
10,12,blackmans bay,-43.0167,147.3167,294.11,42,87,0.45,AU,1706661731
11,13,yellowknife,62.456,-114.3525,262.82,99,100,4.12,CA,1706661731
12,14,waitangi,-43.9535,-176.5597,290.83,97,100,2.24,NZ,1706661731
13,15,pemangkat,1.1667,108.9667,298.46,90,100,3.31,ID,1706661731
14,16,el porvenir,13.7617,-87.3458,293.78,66,0,3.78,HN,1706661731
15,17,new norfolk,-42.7826,147.0587,294.77,33,100,2.3,AU,1706661732
16,18,cabo san lucas,22.8909,-109.9124,299.05,53,100,5.66,MX,1706661628
17,19,adamstown,-25.066,-130.1015,298.04,76,100,12.26,PN,1706661732
18,20,keflavik,64.0049,-22.5624,272.1,93,20,12.35,IS,1706661732
19,21,west island,-12.1568,96.8225,300.14,78,40,2.57,CC,1706661732
20,22,arraial do cabo,-22.9661,-42.0278,298.13,94,40,1.03,BR,1706661512
21,23,aasiaat,68.7098,-52.8699,243.06,96,56,5.68,GL,1706661733
22,24,belmonte,-15.8631,-38.8828,299.15,84,56,4.46,BR,1706661733
23,25,ushuaia,-54.8,-68.3,287.94,67,40,5.14,AR,1706661733
24,26,olonkinbyen,70.9221,-8.7187,269.17,78,100,5.72,SJ,1706661733
25,27,puerto ayora,-0.7393,-90.3518,298.63,86,90,3.49,EC,1706661733
26,28,port-aux-francais,-49.35,70.2167,277.03,73,84,14.3,TF,1706661734
27,29,ilulissat,69.2167,-51.1,249.16,49,26,3.09,GL,1706661734
28,30,dapa,9.7594,126.0531,299.84,83,100,6.29,PH,1706661734
29,31,kasongo-lunda,-6.4667,16.8167,294.62,98,100,0.54,CD,1706661734
30,32,albany,42.6001,-73.9662,272.69,84,100,2.55,US,1706661734
31,33,labytnangi,66.6572,66.4183,257.07,97,100,2.22,RU,1706661734
32,35,iqaluit,63.7506,-68.5145,251.0,71,100,3.09,CA,1706661735
33,36,la passe,45.5549,-0.8967,282.03,91,65,2.62,FR,1706661464
34,37,jamestown,42.097,-79.2353,274.92,90,100,2.57,US,1706661705
35,38,codrington,-38.2667,141.9667,292.81,58,0,5.73,AU,1706661492
36,39,mount gambier,-37.8333,140.7667,294.43,48,0,4.04,AU,1706661735
37,40,sitka,57.0531,-135.33,276.09,65,100,4.63,US,1706661736
38,41,cozumel,20.5083,-86.9458,297.08,69,40,3.58,MX,1706661608
39,42,avarua,-21.2078,-159.775,302.18,70,75,3.6,CK,1706661736
40,43,broken hill,-31.95,141.4333,298.33,29,0,8.15,AU,1706661736
41,44,enewetak,11.3474,162.3373,299.7,71,100,8.97,MH,1706661736
42,45,lazaro cardenas,17.9583,-102.2,298.72,73,100,1.2,MX,1706661737
43,46,tamanrasset,22.785,5.5228,285.1,37,0,6.69,DZ,1706661737
44,47,chimore,-16.9833,-65.1333,296.93,98,42,0.6,BO,1706661738
45,48,ingeniero jacobacci,-41.3427,-69.5448,294.92,25,0,6.42,AR,1706661739
46,49,sarh,9.1429,18.3923,298.42,18,40,3.27,TD,1706661739
47,50,dong ha,16.8163,107.1003,294.0,87,39,0.89,VN,1706661739
48,51,margaret river,-33.95,115.0667,298.05,47,0,2.55,AU,1706661501
49,1,lihue,21.9789,-159.3672,299.12,82,75,3.09,US,1706661570
50,2,insar,53.8653,44.3738,260.82,100,85,2.07,RU,1706661463
51,3,invercargill,-46.4,168.35,290.94,75,92,5.81,NZ,1706661740
52,4,sidi khaled,34.387,4.9879,284.77,69,100,1.09,DZ,1706661740
53,5,tobati,-25.25,-57.0667,303.3,41,0,3.01,PY,1706661741
54,6,bayanaul,50.7889,75.6956,261.46,93,99,2.81,KZ,1706661741
55,7,san antonio de pale,-1.4014,5.6325,301.06,79,100,2.25,GQ,1706661741
56,8,talnakh,69.4865,88.3972,256.04,80,100,4.67,RU,1706661741
57,9,kyabe,9.4515,18.9449,298.17,19,47,3.22,TD,1706661742
58,10,tolanaro,-25.0319,46.9987,297.19,88,20,3.09,MG,1706661742
59,11,constantia,44.1833,28.65,269.53,79,40,3.53,RO,1706661654
60,12,kingston,17.997,-76.7936,300.68,79,75,2.06,JM,1706661742
61,13,stanley,54.868,-1.6985,277.19,87,0,3.6,GB,1706661470
62,15,edinburgh of the seven seas,-37.0676,-12.3116,287.12,58,46,1.96,SH,1706661743
63,16,tiksi,71.6872,128.8694,246.06,98,51,1.76,RU,1706661743
64,17,puerto natales,-51.7236,-72.4875,281.4,85,18,1.57,CL,1706661463
65,18,port moresby,-9.4431,147.1797,299.83,89,75,2.57,PG,1706661726
66,19,hashtrud,37.4779,47.0508,268.09,89,98,2.13,IR,1706661739
67,20,tazacorte,28.629,-17.9293,291.57,27,0,3.58,ES,1706661490
68,21,noshiro,40.2039,140.0242,274.61,79,100,3.46,JP,1706661744
69,22,urengoy,65.9667,78.3667,250.31,96,13,4.99,RU,1706661510
70,23,okhotsk,59.3833,143.3,252.96,79,71,4.89,RU,1706661512
71,25,hithadhoo,-0.6,73.0833,300.6,73,16,1.9,MV,1706661746
72,26,edd,13.9297,41.6925,297.95,87,82,4.47,ER,1706661746
73,27,ringkobing,56.0901,8.244,278.16,81,10,9.36,DK,1706661747
74,28,westport,41.1415,-73.3579,275.16,73,100,4.63,US,1706661504
75,29,great falls,47.5002,-111.3008,290.4,30,0,4.63,US,1706661747
76,30,deshnoke,27.8,73.35,289.99,43,100,2.61,IN,1706661748
77,31,ta`u,-14.2336,-169.5144,302.21,75,64,3.72,AS,1706661748
78,32,qaqortoq,60.7167,-46.0333,257.63,67,100,4.82,GL,1706661495
79,33,kavarna,43.4333,28.3333,271.75,77,100,6.39,BG,1706661749
80,34,tromso,69.6496,18.957,275.16,87,100,14.4,NO,1706661749
81,35,anadyr,64.75,177.4833,244.43,76,0,3.0,RU,1706661749
82,36,kodiak,57.79,-152.4072,262.88,41,0,4.12,US,1706661750
83,37,san andres,12.5847,-81.7006,301.16,69,20,3.6,CO,1706661638
84,38,portland,45.5234,-122.6762,288.1,74,75,3.58,US,1706661678
85,39,masterton,-40.9597,175.6575,295.86,68,95,1.73,NZ,1706661750
86,40,thinadhoo,0.5333,72.9333,300.45,77,31,2.18,MV,1706661750
87,41,terbanggi besar,-4.8667,105.2333,298.58,89,100,2.98,ID,1706661751
88,42,utrik,11.2278,169.8474,299.29,75,100,8.02,MH,1706661751
89,43,hawaiian paradise park,19.5933,-154.9731,302.06,74,20,3.6,US,1706661751
90,44,bilibino,68.0546,166.4372,239.84,98,100,0.44,RU,1706661751
91,45,shetpe,44.1667,52.1167,269.67,73,94,6.22,KZ,1706661752
92,46,kuusamo,65.9667,29.1833,270.17,80,0,6.17,FI,1706661752
93,47,yeed,4.55,43.0333,298.03,55,27,5.78,SO,1706661752
94,48,sumqayit,40.5897,49.6686,274.19,78,14,2.27,AZ,1706661752
95,49,vilyuysk,63.7553,121.6247,247.04,99,100,1.34,RU,1706661752
96,50,bodaybo,57.8506,114.1933,231.55,100,81,0.69,RU,1706661753
97,1,nova sintra,14.8667,-24.7167,294.16,63,0,5.09,CV,1706661753
98,2,plastun,44.7561,136.2939,266.87,63,100,0.73,RU,1706661753
99,3,ataq,14.5377,46.8319,289.59,82,81,3.58,YE,1706661753
100,4,zag,46.9441,99.165,245.45,86,36,1.56,MN,1706661753
101,5,feira de santana,-12.2667,-38.9667,297.2,73,0,2.99,BR,1706661754
102,6,alice springs,-23.7,133.8833,307.9,12,84,9.26,AU,1706661635
103,7,bandarbeyla,9.4942,50.8122,297.59,70,100,4.05,SO,1706661754
104,8,lebu,-37.6167,-73.65,288.41,80,0,5.77,CL,1706661754
105,9,severo-yeniseyskiy,60.3725,93.0408,244.03,94,19,1.79,RU,1706661754
106,10,pisco,-13.7,-76.2167,297.18,78,0,8.75,PE,1706661754
107,11,whitehorse,60.7161,-135.0538,274.58,51,20,6.69,CA,1706661464
108,12,port saint john's,-31.6229,29.5448,295.63,93,96,2.81,ZA,1706661755
109,13,manggar,-2.8833,108.2667,300.21,83,100,2.85,ID,1706661755
110,14,lagarto,-10.9172,-37.65,296.16,83,0,1.91,BR,1706661755
111,15,sisimiut,66.9395,-53.6735,252.57,76,100,8.05,GL,1706661485
112,16,heroica ciudad de tlaxiaco,17.2667,-97.6833,287.5,55,70,0.56,MX,1706661755
113,17,port mathurin,-19.6833,63.4167,300.66,80,100,8.81,MU,1706661467
114,18,udachny,66.4167,112.4,246.0,100,98,1.04,RU,1706661472
115,19,pitimbu,-7.4706,-34.8086,299.48,71,0,3.48,BR,1706661756
116,20,hadibu,12.65,54.0333,296.91,77,74,1.82,YE,1706661756
117,21,suntar,62.1444,117.6319,246.3,96,100,2.42,RU,1706661756
118,22,iquique,-20.2208,-70.1431,295.17,82,33,2.0,CL,1706661756
119,23,bredasdorp,-34.5322,20.0403,291.79,95,58,2.22,ZA,1706661756
120,24,hermanus,-34.4187,19.2345,293.6,83,100,4.22,ZA,1706661757
121,25,vila franca do campo,37.7167,-25.4333,288.38,89,69,2.36,PT,1706661757
122,26,kargasok,59.0556,80.8572,259.24,94,100,4.92,RU,1706661502
123,27,neka,36.6508,53.299,277.88,87,100,3.09,IR,1706661757
124,28,kingscliff,-28.2667,153.5667,302.44,65,100,8.23,AU,1706661757
125,29,puerto baquerizo moreno,-0.9,-89.6,298.7,87,88,4.7,EC,1706661744
126,30,polyarnyy,69.1989,33.4478,275.63,78,100,12.67,RU,1706661757
127,31,petropavlovsk-kamchatsky,53.0452,158.6483,257.48,56,40,5.0,RU,1706661758
128,32,luderitz,-26.6481,15.1594,291.69,85,0,3.54,NA,1706661758
129,33,kuloy,61.0305,42.4925,268.76,88,17,3.54,RU,1706661758
130,34,tommot,58.9564,126.2925,238.5,98,82,1.23,RU,1706661758
131,36,prince rupert,54.3161,-130.3201,282.2,76,20,6.69,CA,1706661759
132,37,mandera,3.9366,41.867,300.05,59,54,6.0,KE,1706661759
133,38,voi,-3.3945,38.563,295.37,91,96,1.47,KE,1706661759
134,39,oriximina,-1.7656,-55.8661,297.77,93,100,1.17,BR,1706661759
135,40,kapuskasing,49.4169,-82.4331,274.2,93,100,4.63,CA,1706661759
136,41,rexburg,43.826,-111.7897,281.88,65,0,1.54,US,1706661759
137,42,kamaishi,39.2667,141.8833,280.21,61,100,4.11,JP,1706661759
138,43,bel ombre,-4.6167,55.4167,302.06,74,20,0.0,SC,1706661759
139,44,lusambo,-4.9667,23.45,293.79,99,100,0.17,CD,1706661760
140,45,vorgashor,67.5833,63.95,260.01,95,100,4.95,RU,1706661760
141,46,hami,42.8,93.45,268.83,54,100,2.39,CN,1706661760
142,47,boguchany,58.3814,97.4531,241.4,100,13,0.89,RU,1706661760
143,48,thompson,55.7435,-97.8558,274.24,93,75,1.54,CA,1706661760
144,49,shakawe,-18.3667,21.85,293.42,89,100,2.37,BW,1706661760
145,50,san patricio,28.017,-97.5169,291.12,57,100,2.97,US,1706661760
146,1,bikenibeu village,1.3673,173.1241,303.13,79,75,1.54,KI,1706661760
147,2,serdar,38.9764,56.2757,273.62,74,13,2.57,TM,1706661761
148,3,kapa'a,22.0752,-159.319,298.97,76,75,3.09,US,1706661761
149,4,ganshui,28.7422,106.7111,281.15,90,100,0.83,CN,1706661761
150,5,xinzhi,36.4989,111.7047,276.46,61,100,1.69,CN,1706661761
151,6,vernon,50.2581,-119.2691,281.27,92,100,0.51,CA,1706661621
152,7,nagqu,31.5,92.0,260.82,53,100,1.69,CN,1706661761
153,8,behshahr,36.6923,53.5526,278.12,81,37,2.21,IR,1706661761
154,9,ust-nera,64.5667,143.2,242.06,99,100,1.97,RU,1706661761
155,10,puerto aysen,-45.4,-72.7,286.76,98,100,2.14,CL,1706661762
156,11,karratha,-20.7377,116.8463,302.14,63,42,2.88,AU,1706661762
157,12,jamaame,0.0697,42.745,298.95,83,100,4.74,SO,1706661762
158,13,port blair,11.6667,92.75,298.17,94,20,1.03,IN,1706661762
159,14,tralee,52.2704,-9.7026,277.53,92,100,3.43,IE,1706661762
160,15,novyy urengoy,66.0833,76.6333,250.54,96,30,6.35,RU,1706661762
161,16,rongelap,11.1635,166.8941,299.16,73,100,8.52,MH,1706661763
162,17,chonchi,-42.6128,-73.8092,291.71,87,100,1.19,CL,1706661763
163,18,colonia,50.9333,6.95,281.46,80,100,3.6,DE,1706661590
164,19,khabary,53.6259,79.5345,252.45,96,51,3.3,RU,1706661763
165,20,las heras,-46.5419,-68.9359,292.5,44,100,12.24,AR,1706661763
166,21,greenville,35.6127,-77.3663,280.44,75,0,1.54,US,1706661497
167,22,saint-pierre,-21.3393,55.4781,298.97,78,0,1.54,RE,1706661763
168,23,tome acu,-2.4189,-48.1522,297.66,92,100,0.87,BR,1706661763
169,24,prien,30.1819,-93.2738,291.16,71,0,4.12,US,1706661763
170,25,fiambala,-27.6871,-67.6149,300.93,33,94,2.32,AR,1706661764
171,26,arteche,12.2645,125.4048,299.64,78,99,6.49,PH,1706661764
172,27,kupang,-10.1667,123.5833,302.47,89,75,4.12,ID,1706661764
173,28,gizo,-8.103,156.8419,301.07,74,100,4.87,SB,1706661764
174,29,salinopolis,-0.6136,-47.3561,299.55,85,100,4.11,BR,1706661764
175,30,andergrove,-21.0833,149.1833,306.29,70,76,0.93,AU,1706661764
176,32,saipan,15.1355,145.701,300.54,61,75,8.75,MP,1706661764
177,33,castillos,-34.1667,-53.8333,291.55,84,0,2.28,UY,1706661765
178,34,zapolyarnyy,69.4154,30.8136,275.75,83,100,14.45,RU,1706661765
179,35,margate,51.3813,1.3862,280.32,90,100,1.43,GB,1706661765
180,36,manhattan,40.7834,-73.9662,276.12,78,100,6.17,US,1706661533
181,37,kerikeri,-35.2268,173.9474,299.43,54,27,3.75,NZ,1706661765
182,38,choyr,46.3611,108.3611,243.48,99,50,1.53,MN,1706661765
183,39,terrace,54.5163,-128.6035,281.1,93,75,2.06,CA,1706661765
184,40,tuy hoa,13.0833,109.3,295.62,88,98,1.57,VN,1706661765
185,41,st. john's,47.5649,-52.7093,268.59,82,100,8.94,CA,1706661652
186,42,isafjordur,66.0755,-23.124,269.87,80,62,4.67,IS,1706661766
187,43,college,64.8569,-147.8028,247.12,64,75,0.0,US,1706661766
188,44,ondo,7.1,4.8333,295.79,74,66,0.92,NG,1706661766
189,45,sabathu,30.9719,76.9933,282.52,57,91,5.14,IN,1706661766
190,46,brisas de zicatela,15.8369,-97.0419,301.44,69,20,2.06,MX,1706661766
191,47,tazovsky,67.4667,78.7,252.19,92,90,6.62,RU,1706661766
192,49,papatowai,-46.5619,169.4708,291.83,58,100,3.27,NZ,1706661766
193,50,borogontsy,62.6683,131.1683,233.52,100,47,0.93,RU,1706661766
194,1,north shore,-36.8,174.75,302.3,56,0,1.34,NZ,1706661767
195,2,pauls valley,34.7401,-97.2223,290.32,45,0,2.06,US,1706661767
196,3,al qadarif,14.0349,35.3834,294.26,27,65,5.82,SD,1706661767
197,4,hualien city,23.9769,121.6044,295.84,77,45,1.68,TW,1706661767
198,5,kirensk,57.7853,108.1119,232.02,100,49,0.89,RU,1706661507
199,6,alta,69.9689,23.2717,276.74,76,100,8.23,NO,1706661767
200,7,opuwo,-18.0607,13.84,296.37,65,100,0.21,NA,1706661767
201,8,nha trang,12.25,109.1833,297.15,84,93,2.0,VN,1706661767
202,9,victorica,-36.2151,-65.4359,298.19,57,100,5.19,AR,1706661767
203,10,wailua homesteads,22.0669,-159.378,298.22,79,75,3.09,US,1706661767
204,11,rio rico,31.4715,-110.9765,292.95,37,0,3.09,US,1706661768
205,12,laminusa,5.5549,120.9136,300.12,81,99,1.08,PH,1706661768
206,13,ballenger creek,39.3726,-77.4353,278.18,78,100,2.57,US,1706661768
207,14,kavieng,-2.5744,150.7967,302.0,76,100,3.61,PG,1706661768
208,15,island harbour,50.724,-1.2758,280.49,82,18,0.08,GB,1706661768
209,16,touros,-5.1989,-35.4608,300.54,74,3,5.5,BR,1706661768
210,17,vilyuchinsk,52.9306,158.4028,258.3,63,100,2.68,RU,1706661768
211,18,east london,-33.0153,27.9116,295.21,85,100,5.03,ZA,1706661768
212,19,minot,48.2325,-101.2963,281.27,71,0,5.66,US,1706661769
213,20,susuman,62.7833,148.1667,237.03,100,100,0.45,RU,1706661769
214,21,cape coast,5.1053,-1.2466,299.51,86,3,4.06,GH,1706661769
215,22,namtsy,62.7161,129.6658,236.3,99,95,0.13,RU,1706661769
216,23,lubumbashi,-11.6609,27.4794,290.17,96,15,0.84,CD,1706661769
217,24,burela de cabo,43.65,-7.4,284.83,79,94,1.69,ES,1706661769
218,25,marka,1.7159,44.7717,298.71,81,60,7.4,SO,1706661769
219,26,al jubayl,27.0112,49.6583,292.97,68,8,2.4,SA,1706661769
220,28,velasco ibarra,-1.05,-79.6167,297.21,97,100,1.93,EC,1706661770
221,29,ebaye,8.7748,167.7392,301.16,74,40,8.23,MH,1706661770
222,30,uturoa,-16.7333,-151.4333,302.21,73,100,5.01,PF,1706661770
223,31,cuyo,10.8525,121.0086,299.13,86,99,10.34,PH,1706661770
224,32,rabaul,-4.1967,152.1721,300.64,79,100,4.06,PG,1706661770
225,33,poronaysk,49.2167,143.1167,257.25,87,60,1.06,RU,1706661770
226,34,gamay,12.3854,125.2979,299.82,78,99,6.0,PH,1706661770
227,35,fauske,67.2588,15.3918,279.17,82,100,5.85,NO,1706661770
228,36,aracati,-4.5617,-37.7697,301.14,74,0,6.09,BR,1706661770
229,37,carmo do paranaiba,-19.0008,-46.3161,294.68,76,100,0.37,BR,1706661771
230,38,nemuro,43.3236,145.575,270.91,65,100,2.42,JP,1706661771
231,39,lorengau,-2.0226,147.2712,301.7,81,100,4.85,PG,1706661771
232,40,senanga,-16.1167,23.2667,293.69,83,94,2.36,ZM,1706661771
233,41,longyearbyen,78.2186,15.6401,268.06,68,75,5.14,SJ,1706661771
234,42,dunedin,-45.8742,170.5036,298.19,91,8,3.58,NZ,1706661771
235,43,penzance,50.1186,-5.5371,277.53,73,11,4.57,GB,1706661771
236,44,ribeira grande,38.5167,-28.7,287.47,88,83,3.13,PT,1706661771
237,45,lompoc,34.6391,-120.4579,289.22,71,75,5.14,US,1706661771
238,46,cabedelo,-6.9811,-34.8339,299.52,73,5,3.86,BR,1706661672
239,47,wick,58.4333,-3.0833,279.18,81,100,10.8,GB,1706661772
240,48,belaya kholunitsa,58.84,50.8528,269.29,91,71,3.84,RU,1706661772
241,49,badger,64.8,-147.5333,247.08,64,75,0.0,US,1706661772
242,50,houlton,46.1262,-67.8403,255.22,79,0,0.0,US,1706661772
243,1,kargil,34.5667,76.1,266.33,70,100,2.05,IN,1706661772
244,2,alofi,-19.0595,-169.9187,301.2,85,100,7.19,NU,1706661772
245,3,kiunga,-6.1219,141.2906,299.69,92,100,0.74,PG,1706661772
246,4,corn island,12.1694,-83.0418,299.83,75,98,11.02,NI,1706661772
247,5,nuuk,64.1835,-51.7216,263.49,44,75,12.35,GL,1706661772
248,6,ajdabiya,30.7554,20.2263,281.93,77,14,3.61,LY,1706661773
249,7,murghob,38.1702,73.9667,258.02,60,100,2.23,TJ,1706661773
250,8,manukan,8.5333,123.1,299.31,91,100,6.64,PH,1706661773
251,9,labrador city,52.9463,-66.9114,259.36,47,75,6.69,CA,1706661773
252,10,caleta de carquin,-11.0925,-77.6267,297.14,81,100,3.61,PE,1706661773
253,12,almirante,9.3,-82.4,296.42,86,96,2.18,PA,1706661773
254,13,korla,41.7597,86.1469,267.91,68,78,4.83,CN,1706661773
255,14,leeton,-34.5667,146.4,301.53,23,0,3.6,AU,1706661773
256,15,toliara,-23.35,43.6667,297.43,72,15,5.81,MG,1706661774
257,16,cidreira,-30.1811,-50.2056,294.06,86,14,3.79,BR,1706661774
258,17,queenstown,-31.8976,26.8753,292.34,93,100,0.72,ZA,1706661774
259,18,palladam,10.9833,77.3,295.26,87,82,2.21,IN,1706661774
260,19,newman,37.3138,-121.0208,295.28,75,74,1.34,US,1706661774
261,20,kirakira,-10.4544,161.9205,300.69,83,100,5.03,SB,1706661774
262,21,mossel bay,-34.1831,22.146,292.11,90,100,2.12,ZA,1706661774
263,22,copala,16.65,-98.9833,298.51,83,99,1.37,MX,1706661774
264,23,aykhal,66.0,111.5,249.4,100,98,1.05,RU,1706661490
265,24,ketchikan,55.3422,-131.6461,281.41,93,100,7.2,US,1706661775
266,25,big stone gap,36.8677,-82.7745,279.14,92,100,2.45,US,1706661775
267,26,timimoun,29.2639,0.231,285.36,50,0,5.66,DZ,1706661775
268,27,gadzhiyevo,69.2551,33.3362,275.42,78,100,13.38,RU,1706661775
269,28,kayangel,8.0823,134.7173,300.44,83,9,10.53,PW,1706661775
270,29,valdivia,-39.8142,-73.2459,294.2,89,11,1.1,CL,1706661497
271,30,sala,34.0389,-6.8166,282.53,87,4,0.0,MA,1706661775
272,31,flying fish cove,-10.4217,105.6791,298.97,94,100,0.51,CX,1706661775
273,32,ancud,-41.8697,-73.8203,287.73,93,100,2.17,CL,1706661775
274,33,la ronge,55.1001,-105.2842,281.29,61,20,3.6,CA,1706661775
275,34,decize,46.8285,3.4619,279.19,96,48,0.52,FR,1706661776
276,35,illizi,26.4833,8.4667,281.04,46,0,6.56,DZ,1706661776
277,36,maintirano,-18.0667,44.0167,298.36,77,0,1.66,MG,1706661776
278,37,pueblo nuevo,23.3833,-105.3833,285.68,47,64,0.66,MX,1706661776
279,38,dondukovskaya,44.8819,40.3627,271.73,64,19,1.61,RU,1706661776
280,39,stornoway,58.2093,-6.3865,282.13,80,100,15.43,GB,1706661776
281,40,smirnovo,54.5125,69.4222,248.74,100,90,2.31,KZ,1706661776
282,41,parham,17.0968,-61.7705,296.5,73,20,1.03,AG,1706661776
283,42,alexandria,31.2156,29.9553,279.45,61,45,5.08,EG,1706661761
284,43,vadso,70.0744,29.7487,277.24,65,100,8.75,NO,1706661777
285,44,la sarre,48.8002,-79.1996,271.67,95,100,4.22,CA,1706661777
286,45,chibougamau,49.9168,-74.3659,264.94,86,0,4.12,CA,1706661777
287,46,darwin,-12.4611,130.8418,303.68,78,94,4.92,AU,1706661777
288,47,bentiu,9.2333,29.8333,296.44,18,90,2.78,SS,1706661777
289,48,rio gallegos,-51.6226,-69.2181,291.18,42,0,10.8,AR,1706661554
290,49,al hazm,16.1641,44.7769,295.87,54,92,4.25,YE,1706661777
291,50,palmas,-10.2128,-48.3603,298.08,94,40,1.54,BR,1706661777
292,1,mar del plata,-38.0023,-57.5575,297.56,85,100,1.54,AR,1706661668
293,2,manokwari,-0.8667,134.0833,301.21,75,90,1.53,ID,1706661777
294,3,zliten,32.4674,14.5687,286.98,54,79,7.01,LY,1706661778
295,4,alesund,62.4723,6.1549,279.31,65,100,12.35,NO,1706661778
296,5,ivancice,49.1014,16.3775,274.26,96,20,2.57,CZ,1706661778
297,6,shingu,33.7333,135.9833,283.58,88,100,1.82,JP,1706661778
298,7,rufino,-34.2683,-62.7126,300.93,32,6,3.95,AR,1706661778
299,8,zheleznogorsk,52.331,35.3711,266.81,94,99,2.2,RU,1706661778
300,9,carnarvon,-24.8667,113.6333,305.46,47,0,5.48,AU,1706661483
301,10,sechura,-5.5569,-80.8222,299.06,74,97,6.47,PE,1706661778
302,11,malvan,16.0667,73.4667,294.88,68,10,2.36,IN,1706661778
303,12,georgetown,5.4112,100.3354,300.34,79,20,2.57,MY,1706661779
304,13,shimokizukuri,40.8061,140.3861,277.33,78,100,2.75,JP,1706661558
305,14,saldanha,-33.0117,17.9442,290.18,92,88,2.69,ZA,1706661779
306,15,bodo,67.28,14.405,279.17,78,100,18.52,NO,1706661779
307,16,tamandare,-8.7597,-35.1047,298.72,76,0,2.75,BR,1706661779
308,17,crane,31.3974,-102.3501,289.44,35,66,2.71,US,1706661779
309,18,kalmunai,7.4167,81.8167,297.28,92,10,2.79,LK,1706661493
310,19,callao,-12.0667,-77.15,299.31,69,100,4.63,PE,1706661779
311,20,shalqar,47.8333,59.6,266.11,95,100,6.6,KZ,1706661779
312,21,itacoatiara,-3.1431,-58.4442,298.15,92,94,1.52,BR,1706661780
313,22,wanxian,30.8039,108.3897,283.65,77,100,0.74,CN,1706661520
314,23,moussoro,13.6408,16.4901,292.02,19,0,7.48,TD,1706661780
315,24,burutu,5.3509,5.5076,299.53,85,86,2.05,NG,1706661780
316,25,kichmengskiy gorodok,59.9816,45.7854,268.12,95,6,3.13,RU,1706661780
317,26,whangarei,-35.7317,174.3239,301.69,45,31,1.58,NZ,1706661780
318,27,naze,28.3667,129.4833,291.66,77,95,8.08,JP,1706661729
319,28,afaahiti,-17.75,-149.2833,302.07,83,70,4.24,PF,1706661780
320,29,zeya,53.75,127.2667,248.49,91,100,0.51,RU,1706661780
321,30,fale old settlement,-9.3852,-171.2468,302.77,68,45,1.89,TK,1706661781
322,31,mananjary,-21.2167,48.3333,295.52,91,96,4.13,MG,1706661781
323,33,tura,25.5198,90.2201,286.25,53,0,1.32,IN,1706661781
324,34,punta arenas,-53.15,-70.9167,285.21,62,20,12.35,CL,1706661781
325,35,trinidad,-14.8333,-64.9,300.14,83,23,0.0,BO,1706661781
326,36,selfoss,63.9331,-20.9971,270.4,60,98,7.05,IS,1706661781
327,37,taltal,-25.4,-70.4833,295.09,78,19,2.56,CL,1706661781
328,38,port douglas,-16.4833,145.4667,305.21,65,100,0.84,AU,1706661781
329,39,mocimboa,-11.3167,40.35,296.61,94,100,2.29,MZ,1706661782
330,40,omaruru,-21.4333,15.9333,298.55,41,100,1.53,NA,1706661782
331,41,port macquarie,-31.4333,152.9167,300.31,69,76,3.79,AU,1706661782
332,42,bulawayo,-20.15,28.5833,290.63,66,1,4.31,ZW,1706661782
333,43,malibu,34.005,-118.8101,297.73,73,94,1.34,US,1706661782
334,44,akrehamn,59.2667,5.1833,276.71,93,100,5.66,NO,1706661782
335,45,chitose,42.8194,141.6522,272.65,85,75,1.03,JP,1706661783
336,46,collinsville,38.6703,-89.9846,277.88,81,100,6.69,US,1706661520
337,47,naha,26.2125,127.6811,296.53,78,40,7.2,JP,1706661573
338,48,mo i rana,66.3128,14.1428,275.55,92,100,0.0,NO,1706661783
339,49,yazd,31.8972,54.3675,279.21,49,40,4.12,IR,1706661783
340,1,port elizabeth,-33.918,25.5701,294.99,88,0,1.03,ZA,1706661784
341,2,krasnolesnyy,51.8807,39.5877,271.15,89,100,1.17,RU,1706661784
342,3,bhabhra,22.5333,74.3333,289.85,57,100,0.69,IN,1706661784
343,4,bengkulu,-3.8004,102.2655,298.74,86,100,1.44,ID,1706661784
344,5,briancon,44.9,6.65,273.9,64,14,1.12,FR,1706661784
345,6,masina,-4.3836,15.3914,300.31,89,75,0.0,CD,1706661785
346,7,puerto madero,14.7208,-92.4215,302.26,70,40,2.06,MX,1706661749
347,8,mooloolaba,-26.6833,153.1167,300.96,81,96,2.68,AU,1706661785
348,9,iranshahr,27.2025,60.6848,286.34,41,0,2.06,IR,1706661785
349,10,orangeville,43.9168,-80.0997,273.47,92,100,2.86,CA,1706661785
350,11,kibaya,-5.3,36.5667,288.74,98,100,1.23,TZ,1706661785
351,12,geraldton,-28.7667,114.6,309.38,24,0,1.54,AU,1706661786
352,13,sirte,31.2089,16.5887,286.68,63,25,8.01,LY,1706661786
353,14,acarau,-2.8856,-40.12,300.16,82,4,5.16,BR,1706661786
354,15,christchurch,-43.5333,172.6333,296.19,61,0,10.29,NZ,1706661786
355,16,ankang,32.68,109.0172,281.03,70,77,1.45,CN,1706661759
356,17,vihti,60.417,24.3197,274.55,96,100,2.68,FI,1706661786
357,18,olyokminsk,60.3736,120.4264,236.47,100,94,1.49,RU,1706661786
358,19,heunghae,36.1125,129.3522,280.11,66,81,1.82,KR,1706661787
359,20,okha,53.5739,142.9478,254.56,92,97,6.71,RU,1706661787
360,21,paita,-5.0892,-81.1144,297.21,86,100,4.76,PE,1706661787
361,22,al kharijah,25.4514,30.5464,281.42,46,0,2.83,EG,1706661787
362,23,lamballe,48.4676,-2.5144,279.21,81,100,0.45,FR,1706661787
363,24,riverton,40.5219,-111.9391,284.45,63,0,1.54,US,1706661648
364,25,spassk,52.747,87.7545,255.24,99,100,1.34,RU,1706661787
365,26,gargalianoi,37.0667,21.6333,280.49,57,99,4.96,GR,1706661788
366,27,brandon,27.9378,-82.2859,287.52,77,0,2.06,US,1706661746
367,28,kokpekty,48.75,82.4,256.78,95,100,1.49,KZ,1706661788
368,29,muromtsevo,56.3724,75.2418,257.73,97,99,2.64,RU,1706661788
369,30,muynoq,43.7683,59.0214,269.0,77,100,5.35,UZ,1706661788
370,31,minas de marcona,-15.2119,-75.1103,292.17,81,100,5.26,PE,1706661789
371,32,brak,27.5496,14.2714,281.17,59,2,4.58,LY,1706661789
372,33,padangsidempuan,1.3667,99.2667,297.14,89,100,1.5,ID,1706661789
373,34,tofol,5.3248,163.0078,302.03,79,100,7.72,FM,1706661789
374,35,tibanbang,6.6315,126.1055,297.65,94,100,3.2,PH,1706661789
375,36,port lincoln,-34.7333,135.8667,292.34,60,0,5.78,AU,1706661790
376,37,marshall,34.3834,-86.3333,287.32,62,100,4.63,US,1706661647
377,38,dabou,5.3256,-4.3769,299.46,87,5,3.87,CI,1706661790
378,39,derzhavinsk,51.1,66.3167,252.0,100,67,2.75,KZ,1706661790
379,40,howrah,22.5892,88.3103,292.15,94,75,2.57,IN,1706661790
380,41,kangding,30.0513,101.9603,274.76,64,0,3.43,CN,1706661790
381,42,puntarenas,9.9763,-84.8384,299.91,69,16,3.3,CR,1706661790
382,43,berezovyy,51.6667,135.7,252.96,72,17,0.41,RU,1706661791
383,45,northam,51.0333,-4.2167,275.16,90,80,2.99,GB,1706661507
384,46,xilin hot,43.9667,116.0333,243.92,98,35,1.36,CN,1706661791
385,47,catriel,-37.8791,-67.7956,305.38,10,0,4.25,AR,1706661791
386,48,jaciara,-15.9653,-54.9683,297.43,74,100,0.57,BR,1706661669
387,49,kitimat,54.0524,-128.6534,281.43,64,100,1.47,CA,1706661791
388,50,turpan,42.9333,89.1667,271.27,49,100,1.85,CN,1706661556
389,1,myrina,39.8797,25.0742,278.73,56,75,13.89,GR,1706661792
390,2,ghanzi,-21.5667,21.7833,294.07,82,100,3.89,BW,1706661792
391,3,prado,-17.3411,-39.2208,298.78,87,100,4.88,BR,1706661792
392,4,lata,40.1629,-8.3327,282.64,77,100,1.84,PT,1706661792
393,5,coaldale,49.7167,-112.6185,284.97,62,75,8.75,CA,1706661792
394,6,remire-montjoly,4.9167,-52.2667,300.17,89,75,2.06,GF,1706661792
395,7,princeton,25.5384,-80.4089,292.6,72,75,0.0,US,1706661793
396,8,pandan,14.0453,124.1694,299.69,73,97,7.9,PH,1706661793
397,9,sambava,-14.2667,50.1667,297.55,90,100,1.83,MG,1706661793
398,10,east ballina,-28.8667,153.5833,300.26,62,79,4.51,AU,1706661793
399,11,birmitrapur,22.4,84.7667,287.07,56,18,1.36,IN,1706661793
400,12,saldus,56.6636,22.4881,274.76,93,100,2.83,LV,1706661793
401,13,belozersk,60.0326,37.7957,268.7,93,100,3.13,RU,1706661794
402,14,antsohihy,-14.8796,47.9875,295.65,97,49,1.58,MG,1706661794
403,15,mandalgovi,45.7625,106.2708,247.74,84,0,0.56,MN,1706661794
404,16,chabahar,25.2919,60.643,296.01,75,14,4.39,IR,1706661794
405,17,saint-philippe,-21.3585,55.7679,298.92,84,47,3.89,RE,1706661794
406,18,sinabang,2.4803,96.3801,300.4,81,94,2.01,ID,1706661794
407,19,haiku-pauwela,20.9219,-156.3051,296.58,95,100,3.09,US,1706661794
408,20,ashland,40.8167,-82.2665,275.43,96,100,2.21,US,1706661795
409,21,fort mcmurray,56.7268,-111.381,282.92,49,75,11.83,CA,1706661795
410,22,katsuura,35.1333,140.3,286.05,57,5,5.9,JP,1706661795
411,23,garachico,28.7781,-17.7646,290.09,63,0,3.09,ES,1706661795
412,24,new romney,50.986,0.9412,280.49,89,100,1.03,GB,1706661795
413,26,songyuan,45.1171,124.8568,253.77,93,16,3.32,CN,1706661796
414,27,chernyshkovskiy,48.4219,42.2308,268.13,94,81,3.17,RU,1706661796
415,29,mazagao,-0.115,-51.2894,300.18,92,82,1.89,BR,1706661796
416,30,cedeira,43.6797,-8.0209,284.72,81,96,1.42,ES,1706661796
417,31,mangalia,43.8,28.5833,275.59,75,97,4.87,RO,1706661796
418,32,huai khot,15.2909,99.6166,297.06,78,10,1.0,TH,1706661797
419,33,birzebbuga,35.8258,14.5269,284.9,66,75,3.09,MT,1706661797
420,34,fisterra,42.9049,-9.2629,283.16,77,100,2.58,ES,1706661797
421,35,jidong,45.2167,131.0833,259.93,90,100,2.91,CN,1706661797
422,36,huntley,42.1681,-88.4281,276.41,87,100,1.79,US,1706661795
423,37,fort bragg,35.139,-79.006,281.99,71,100,0.0,US,1706661797
424,38,arno,60.1167,18.6333,274.7,100,100,2.89,SE,1706661798
425,39,caxias,38.7031,-9.2767,288.73,80,0,3.6,PT,1706661798
426,40,midvagur,62.0511,-7.1939,280.61,87,100,6.69,FO,1706661798
427,41,eldorado,-23.7869,-54.2836,297.53,48,0,1.94,BR,1706661552
428,42,ribeira brava,32.65,-17.0667,292.6,62,96,0.89,PT,1706661798
429,43,cobija,-11.0267,-68.7692,297.3,95,100,0.43,BO,1706661799
430,44,el calafate,-50.3408,-72.2768,285.37,71,69,4.34,AR,1706661784
431,45,soran,49.78,72.8506,263.42,95,100,3.61,KZ,1706661799
432,46,ventspils,57.3894,21.5606,277.11,100,100,4.63,LV,1706661799
433,47,harper,4.375,-7.7169,300.14,83,94,3.22,LR,1706661799
434,48,pljevlja,43.3333,19.3333,269.78,70,1,1.52,ME,1706661799
435,49,recani,31.2846,-4.2688,283.68,48,0,1.8,MA,1706661800
436,50,choibalsan,48.0667,114.5,245.32,89,5,4.51,MN,1706661800
437,1,beitbridge,-22.2167,30.0,295.73,73,5,5.46,ZW,1706661800
438,2,phitsanulok,16.9167,100.5,292.21,78,0,0.64,TH,1706661800
439,3,casper,42.8666,-106.3131,282.48,49,0,7.72,US,1706661531
440,4,saint-ismier,45.2471,5.8286,282.99,57,81,1.15,FR,1706661801
441,5,kupjansk,49.7209,37.5998,270.16,90,100,2.16,UA,1706661801
442,6,berezovo,63.9381,65.0419,258.97,96,100,2.71,RU,1706661801
443,7,mendoza,-32.8908,-68.8272,307.89,34,40,0.0,AR,1706661729
444,8,quibala,-10.7337,14.98,290.69,99,100,0.81,AO,1706661801
445,9,reggane,26.7158,0.1714,289.88,31,0,8.0,DZ,1706661801
446,10,cockburn town,21.4612,-71.1419,297.22,57,1,4.13,TC,1706661802
447,12,envira,-7.3,-70.2167,297.28,97,100,0.92,BR,1706661802
448,13,hasaki,35.7333,140.8333,281.09,62,8,4.73,JP,1706661802
449,14,nikolayevsk-on-amure,53.1406,140.73,255.59,83,56,3.44,RU,1706661802
450,15,sault ste. marie,46.5168,-84.3333,275.31,96,100,1.03,CA,1706661802
451,16,dobryanka,58.4619,56.4165,270.91,96,100,4.37,RU,1706661802
452,17,jales,-20.2689,-50.5458,298.02,37,94,1.3,BR,1706661803
453,18,aksu,41.1231,80.2644,270.63,62,100,1.41,CN,1706661803
454,19,causeni,46.6442,29.4139,268.72,71,10,1.09,MD,1706661803
455,20,zhanaozen,43.3,52.8,268.83,76,65,4.3,KZ,1706661803
456,21,natal,-5.795,-35.2094,301.27,74,20,3.09,BR,1706661803
457,22,nouadhibou,20.931,-17.0347,293.14,42,0,6.69,MR,1706661803
458,23,lerwick,60.1545,-1.1494,281.15,81,100,15.21,GB,1706661804
459,24,al bardiyah,31.7561,25.0865,282.76,73,98,6.6,LY,1706661804
460,25,sidi ifni,29.3797,-10.173,292.01,33,100,3.85,MA,1706661804
461,26,adrar,20.5022,-10.0711,289.57,13,0,4.64,MR,1706661804
462,27,tan-tan,28.438,-11.1032,293.14,21,100,5.09,MA,1706661804
463,28,shasta lake,40.6804,-122.3708,291.0,68,100,0.68,US,1706661804
464,29,port alfred,-33.5906,26.891,294.92,93,100,2.17,ZA,1706661805
465,30,atafu village,-8.5421,-172.5159,301.97,75,12,3.15,TK,1706661805
466,32,quincy,42.2529,-71.0023,271.18,78,100,3.6,US,1706661793
467,33,la tuque,47.4334,-72.7824,262.29,62,100,1.03,CA,1706661755
468,34,dudinka,69.4058,86.1778,256.27,84,100,9.39,RU,1706661805
469,35,klyuchi,52.2667,79.1667,258.68,90,100,2.58,RU,1706661805
470,36,kresttsy,58.2452,32.5165,272.78,97,100,2.72,RU,1706661805
471,37,mata-utu,-13.2816,-176.1745,302.82,78,100,6.7,WF,1706661806
472,38,igrim,63.1906,64.4162,259.54,96,100,1.86,RU,1706661806
473,39,oodweyne,9.4092,45.064,291.84,73,50,2.23,SO,1706661806
474,40,zhezqazghan,47.7833,67.7667,265.18,96,100,3.56,KZ,1706661806
475,41,tadine,-21.55,167.8833,299.31,67,100,3.24,NC,1706661806
476,42,martinsicuro,42.8811,13.9145,279.89,81,18,1.55,IT,1706661806
477,43,sola,-13.8833,167.55,301.31,72,100,2.28,VU,1706661807
478,44,pangai,-19.8,-174.35,298.21,100,100,0.0,TO,1706661807
479,45,puente alto,-33.6167,-70.5833,300.95,36,0,1.54,CL,1706661807
480,46,pontes e lacerda,-15.2261,-59.3353,300.66,61,86,0.37,BR,1706661807
481,47,leksand,60.7339,15.0032,272.28,99,100,1.13,SE,1706661807
482,48,international falls,48.6011,-93.411,272.61,88,0,1.54,US,1706661807
483,49,taytay,14.5678,121.1394,300.95,72,20,1.03,PH,1706661807
484,50,kyshtovka,56.555,76.6271,261.12,97,99,1.34,RU,1706661807
485,1,revda,56.801,59.9303,263.4,96,97,2.21,RU,1706661808
486,2,betio village,1.358,172.9211,303.17,71,100,3.3,KI,1706661808
487,4,melilla,35.2937,-2.9383,289.36,72,100,2.57,ES,1706661808
488,5,la manga del mar menor,37.6413,-0.7165,289.15,86,100,4.47,ES,1706661808
489,6,petawawa,45.9001,-77.3328,269.03,75,100,5.66,CA,1706661808
490,7,port hedland,-20.3167,118.5667,303.18,74,8,3.6,AU,1706661808
491,8,mount isa,-20.7333,139.5,299.02,89,100,9.77,AU,1706661809
492,9,thunder bay,48.4001,-89.3168,275.14,80,100,2.06,CA,1706661809
493,10,namibe,-15.1961,12.1522,297.95,78,32,2.38,AO,1706661809
494,11,baoqing,46.3317,132.2111,256.77,92,100,3.25,CN,1706661809
495,12,nyurba,63.2842,118.3319,246.55,98,100,1.46,RU,1706661809
496,13,san rafael del sur,11.8485,-86.4384,300.69,59,17,7.28,NI,1706661809
497,14,makum,27.5,95.45,287.05,79,100,0.68,IN,1706661809
498,15,erechim,-27.6342,-52.2739,290.33,90,0,1.92,BR,1706661809
499,16,maslyanino,54.3436,84.2111,249.49,99,100,1.41,RU,1706661810
500,17,angaur state,6.906,134.13,300.55,82,56,10.85,PW,1706661810
501,18,manismata,-2.4667,111.0333,297.85,96,100,0.06,ID,1706661810
502,19,nabire,-3.3667,135.4833,303.24,68,93,0.63,ID,1706661810
503,20,chipinge,-20.1883,32.6236,290.24,95,88,2.32,ZW,1706661810
504,21,iskateley,67.6803,53.1512,267.05,92,12,4.92,RU,1706661811
505,22,holualoa,19.6228,-155.9522,299.06,77,75,6.17,US,1706661811
506,23,martapura,-3.4167,114.85,300.2,89,40,2.06,ID,1706661811
507,24,kone,-21.0595,164.8658,301.62,70,87,1.72,NC,1706661811
508,25,fukuecho,32.6881,128.8419,286.35,94,75,2.57,JP,1706661811
509,26,caucete,-31.6518,-68.2811,304.08,35,100,7.97,AR,1706661811
510,27,antofagasta,-23.65,-70.4,293.75,81,67,2.08,CL,1706661534
511,28,dingzhou,38.5131,114.9956,269.21,64,76,4.14,CN,1706661812
512,30,isiro,2.7739,27.616,292.63,48,100,1.16,CD,1706661812
513,31,monrovia,6.3005,-10.7969,300.22,84,96,3.45,LR,1706661812
514,32,pacific grove,36.6177,-121.9166,289.27,85,0,4.47,US,1706661812
515,33,archangelos,36.2149,28.1149,283.32,71,100,0.62,GR,1706661813
516,34,santiago de cao,-7.9589,-79.2392,298.22,83,100,4.12,PE,1706661813
517,35,tual,-5.6667,132.75,301.78,77,100,6.83,ID,1706661813
518,36,inhambane,-23.865,35.3833,296.59,87,0,4.24,MZ,1706661528
519,37,chingirlau,51.095,54.0814,267.45,96,100,5.8,KZ,1706661813
520,38,podporozh'ye,60.9112,34.1706,269.14,93,100,2.38,RU,1706661813
521,40,serravalle scrivia,44.7228,8.8564,283.71,70,99,0.68,IT,1706661813
522,41,matadi,-5.8167,13.45,298.12,97,100,0.88,CD,1706661814
523,42,kerman,30.2832,57.0788,276.07,48,40,2.06,IR,1706661814
524,43,lingdong,46.5669,131.1453,256.37,92,100,1.4,CN,1706661814
525,44,mahina,-17.5065,-149.489,303.01,74,99,2.58,PF,1706661814
526,45,whistler,50.1164,-122.9695,279.57,100,100,0.0,CA,1706661814
527,46,ghadamis,30.1337,9.5007,283.12,52,51,3.94,LY,1706661815
528,47,saudarkrokur,65.7461,-19.6394,268.81,84,100,5.6,IS,1706661815
529,48,santo antonio de posse,-22.6061,-46.9194,300.16,46,100,1.71,BR,1706661815
530,49,dok kham tai,19.1624,99.9934,292.01,87,78,1.24,TH,1706661815
531,50,rocky mountain house,52.3668,-114.9188,283.21,34,100,3.09,CA,1706661815
532,1,waddan,29.1614,16.139,281.02,82,6,3.0,LY,1706661815
533,2,malango,-2.9627,119.9001,298.09,83,74,0.54,ID,1706661815
534,3,ixtapa,20.7,-105.2,298.72,69,75,2.57,MX,1706661816
535,5,san luis de la loma,17.2706,-100.8939,298.63,77,100,1.26,MX,1706661816
536,6,bucyrus,40.8084,-82.9755,274.4,94,100,2.65,US,1706661816
537,7,altay,47.8667,88.1167,259.97,71,99,2.06,CN,1706661816
538,8,prince albert,53.2001,-105.7677,280.12,61,75,6.17,CA,1706661816
539,9,bamboo flat,11.7,92.7167,298.2,94,20,1.03,IN,1706661817
540,10,turkmenbasy,40.0222,52.9552,273.58,80,40,3.09,TM,1706661817
541,11,kamenica,50.8333,12.9167,281.09,81,100,0.45,DE,1706661817
542,12,aridaia,40.9731,22.0564,275.47,57,0,3.02,GR,1706661817
543,13,nadi,-17.8,177.4167,304.15,70,75,3.6,FJ,1706661727
544,14,shangmei,27.7428,111.2956,282.86,96,100,0.44,CN,1706661818
545,15,yuzhno-kurilsk,44.0306,145.8556,271.14,71,100,0.69,RU,1706661818
546,16,manta,-0.95,-80.7333,300.93,74,75,5.81,EC,1706661784
547,17,mount pearl,47.5166,-52.7813,268.13,83,100,8.23,CA,1706661818
548,18,majdal shams,33.2684,35.7694,273.9,94,96,0.64,IL,1706661818
549,19,yangjiang,21.85,111.9667,293.55,80,95,2.3,CN,1706661818
550,20,ambodifotatra,-16.9833,49.85,299.49,79,40,8.12,MG,1706661818
551,21,hede,33.7681,120.2517,279.58,98,100,2.55,CN,1706661818
552,22,motueka,-41.1333,173.0167,298.2,49,44,3.75,NZ,1706661819
553,23,moscow,55.7522,37.6156,272.44,100,97,1.1,RU,1706661673
554,24,greymouth,-42.4667,171.2,292.63,71,37,4.07,NZ,1706661819
555,25,conception bay south,47.4999,-52.9981,268.46,84,74,6.17,CA,1706661708
556,26,ouadda,8.0777,22.4007,293.68,23,100,2.69,CF,1706661819
557,27,carbonear,47.7332,-53.2148,268.85,78,97,6.69,CA,1706661819
558,29,kolonia town,6.964,158.206,303.15,66,100,5.14,FM,1706661819
559,30,porto novo,6.4965,2.6036,302.05,83,29,2.53,BJ,1706661820
560,31,tatahuicapan,18.2333,-94.75,292.5,81,12,2.55,MX,1706661820
561,32,lewistown,40.5992,-77.5714,276.68,87,100,0.0,US,1706661820
562,33,wad medani,14.4012,33.5199,292.44,17,51,5.66,SD,1706661820
563,34,kristiansund,63.1115,7.732,279.51,42,100,6.69,NO,1706661820
564,35,plast,54.3691,60.8136,260.09,96,100,1.4,RU,1706661820
565,36,farafangana,-22.8167,47.8333,296.32,85,100,3.47,MG,1706661820
566,37,richards bay,-28.783,32.0377,295.28,84,0,1.62,ZA,1706661821
567,38,padang,-0.9492,100.3543,299.18,76,100,1.55,ID,1706661821
568,39,glace bay,46.1969,-59.957,268.09,74,40,4.12,CA,1706661821
569,40,las tablas,7.7667,-80.2833,297.69,99,25,9.27,PA,1706661821
570,41,rikaze,29.25,88.8833,267.17,56,0,1.65,CN,1706661821
571,42,enterprise,36.0252,-115.2419,294.76,28,20,0.0,US,1706661821
572,43,baotou,40.6522,109.8222,260.97,81,96,1.7,CN,1706661821
573,44,vorkuta,67.5,64.0,260.01,96,100,4.7,RU,1706661822
574,45,oranjemund,-28.55,16.4333,290.89,94,6,2.09,NA,1706661822
575,46,papao,-17.75,-149.55,302.96,85,78,3.46,PF,1706661822
576,47,elliot lake,46.3834,-82.6331,272.42,99,100,1.29,CA,1706661822
577,48,betioky,-23.7167,44.3833,294.53,80,41,3.52,MG,1706661822
578,49,tomatlan,19.9333,-105.25,296.79,83,100,1.35,MX,1706661822
579,50,jatiroto,-7.8833,111.1167,299.48,81,28,1.3,ID,1706661822
580,1,pudasjarvi,65.3833,26.9167,269.56,91,14,4.12,FI,1706661822
581,2,baiyin,36.5583,104.2081,270.21,35,100,2.01,CN,1706661823
582,3,yanam,16.7333,82.2167,290.92,94,6,0.76,IN,1706661823
583,5,manakara,-22.1333,48.0167,295.71,88,98,3.3,MG,1706661823
584,6,den burg,53.0542,4.7972,279.25,84,100,2.57,NL,1706661823
585,7,las praderas,-3.3348,-79.7984,298.56,96,100,1.91,EC,1706661823
586,8,qinzhou,21.95,108.6167,291.11,98,100,2.87,CN,1706661555
